Country,consumption_2015_19,change_pct,variation_pct,size_rank,growth_rank,stability_rank,score
United States of America,1556.26,41.28,2.18,1.0,17.0,1.0,6.33
Japan,464.33,39.62,2.51,3.0,18.0,2.0,7.67
Italy,344.3,25.4,3.94,5.0,19.0,4.0,9.33
Romania,64.62,151.05,5.59,15.0,9.0,6.0,10.0
United Kingdom,215.8,45.26,8.25,7.0,15.0,13.0,11.67
Croatia,22.28,158.52,3.6,24.0,8.0,3.0,11.67
France,344.33,6.3,5.86,4.0,24.0,7.0,11.67
Russian Federation,262.21,168.44,17.45,6.0,7.0,23.0,12.0
Spain,197.52,18.32,6.55,8.0,20.0,8.0,12.0
Poland,126.88,91.71,16.09,9.0,12.0,20.0,13.67
Germany,512.28,-12.46,7.37,2.0,28.0,12.0,14.0
Lithuania,14.48,1408.75,10.44,26.0,1.0,15.0,14.0
Portugal,51.58,59.78,7.23,18.0,14.0,11.0,14.33
Finland,69.28,10.07,6.58,13.0,22.0,9.0,14.67
Greece,64.67,192.56,20.99,14.0,6.0,24.0,14.67
Latvia,6.56,397.27,13.74,29.0,2.0,18.0,16.33
Norway,46.27,3.91,5.21,19.0,26.0,5.0,16.67
Bulgaria,25.46,117.86,12.04,22.0,11.0,17.0,16.67
Sweden,103.19,4.69,11.13,11.0,25.0,16.0,17.33
Slovenia,11.92,43.57,6.67,27.0,16.0,10.0,17.67
Tunisia,30.12,364.81,32.85,21.0,3.0,30.0,18.0
Czechia,51.83,65.29,21.43,17.0,13.0,25.0,18.33
Estonia,7.18,199.0,23.9,28.0,4.0,26.0,19.33
Ireland,19.7,194.27,26.26,25.0,5.0,28.0,19.33
Switzerland,63.59,13.61,16.87,16.0,21.0,21.0,19.33
Cyprus,6.34,121.85,14.21,30.0,10.0,19.0,19.67
Austria,70.03,-7.0,17.42,12.0,27.0,22.0,20.33
Denmark,44.81,-17.61,8.67,20.0,29.0,14.0,21.0
Netherlands,118.97,-23.58,24.27,10.0,31.0,27.0,22.67
Malta,1.09,9.64,31.81,31.0,23.0,29.0,27.67
Hungary,24.59,-20.67,35.21,23.0,30.0,31.0,28.0
